"Timestamp","Station","AirTemperature","RelativeHumidity","Precipitation","WindDirection2m","WindSpeed2m","SoilTemperature5cm","SoilTemperature10cm","SolarRadiation"
"","","avg","avg","total","vector","avg","avg","avg","avg"
"","","°C","%","mm","degrees","m/s","°C","°C","W/m²"
"2017-08-01 00:00","Ashland Bottoms",17.5,98.8,0,188.9,0.6,24.5,23.8,0
"2017-08-01 01:00","Ashland Bottoms",17.0,99.8,0,160.2,0.5,24.2,23.3,0
"2017-08-01 02:00","Ashland Bottoms",16.2,99.9,0,167.3,0.4,23.8,23.0,0
"2017-08-01 03:00","Ashland Bottoms",15.9,99.9,0,306.1,0.1,23.6,22.7,0
"2017-08-01 04:00","Ashland Bottoms",15.8,99.9,0,172.7,0.6,23.3,22.5,0
"2017-08-01 05:00","Ashland Bottoms",15.4,99.9,0,162.4,0.4,23.1,22.2,0
"2017-08-01 06:00","Ashland Bottoms",15.2,99.9,0,213.9,0.4,22.9,21.9,11.1
"2017-08-01 07:00","Ashland Bottoms",16.3,99.9,0,317.4,0.1,22.7,21.8,104.3
"2017-08-01 08:00","Ashland Bottoms",18.6,96.4,0,13.2,0.2,22.6,22.1,314.4
"2017-08-01 09:00","Ashland Bottoms",22.0,77.2,0,31.2,0.6,22.9,22.9,543.4
"2017-08-01 10:00","Ashland Bottoms",24.0,66.9,0,29.2,1.0,23.5,24.4,724.9
"2017-08-01 11:00","Ashland Bottoms",25.3,60.4,0,38.5,1.2,24.4,26.1,873.1
"2017-08-01 12:00","Ashland Bottoms",26.2,57.1,0,53.9,1.3,25.5,27.8,812.9
"2017-08-01 13:00","Ashland Bottoms",26.4,54.9,0,0,1.2,26.5,28.8,485.2
"2017-08-01 14:00","Ashland Bottoms",27.3,50.1,0,352.5,1.1,27.0,29.1,718.3
"2017-08-01 15:00","Ashland Bottoms",28.5,46.3,0,80.6,1.4,27.6,30.1,871.7
"2017-08-01 16:00","Ashland Bottoms",29.0,44.7,0,17.3,1.4,28.4,31.0,669.8
"2017-08-01 17:00","Ashland Bottoms",29.3,44.2,0,38.7,1.3,28.9,31.2,534.0
"2017-08-01 18:00","Ashland Bottoms",28.5,47.8,0,69.2,1.3,29.1,30.9,238.3
"2017-08-01 19:00","Ashland Bottoms",28.0,52.1,0,75.3,1.2,28.9,30.1,145.7
"2017-08-01 20:00","Ashland Bottoms",25.5,65.0,0,160.6,0.7,28.5,29.1,15.4
"2017-08-01 21:00","Ashland Bottoms",22.5,78.0,0,168.6,0.5,28.0,28.2,0
"2017-08-01 22:00","Ashland Bottoms",21.2,83.1,0,189.3,0.8,27.4,27.3,0
"2017-08-01 23:00","Ashland Bottoms",20.8,84.0,0,198.0,0.8,26.9,26.6,0
"2017-08-02 00:00","Ashland Bottoms",19.3,90.9,0,179.6,0.9,26.4,26.1,0
"2017-08-02 01:00","Ashland Bottoms",18.8,91.4,0,188.9,0.8,26.0,25.5,0
"2017-08-02 02:00","Ashland Bottoms",18.4,94.9,0,169.2,0.5,25.6,25.1,0
"2017-08-02 03:00","Ashland Bottoms",18.1,96.4,0,157.7,0.4,25.3,24.8,0
"2017-08-02 04:00","Ashland Bottoms",17.6,97.4,0,180.7,0.7,25.0,24.4,0
"2017-08-02 05:00","Ashland Bottoms",17.2,97.0,0,173.2,0.4,24.7,24.1,0
"2017-08-02 06:00","Ashland Bottoms",17.0,97.3,0,212.6,0.5,24.4,23.7,12.1
"2017-08-02 07:00","Ashland Bottoms",18.0,95.1,0,149.9,0.4,24.2,23.5,132.2
"2017-08-02 08:00","Ashland Bottoms",21.3,81.3,0,173.0,0.6,24.0,23.6,320.9
"2017-08-02 09:00","Ashland Bottoms",24.0,71.2,0,245.6,1.3,24.2,24.3,523.5
"2017-08-02 10:00","Ashland Bottoms",26.3,63.0,0,352.8,1.2,24.7,25.7,701.0
"2017-08-02 11:00","Ashland Bottoms",28.1,56.4,0,349.8,1.5,25.6,27.5,871.1
"2017-08-02 12:00","Ashland Bottoms",29.5,48.5,0,326.7,1.8,26.7,29.3,892.9
"2017-08-02 13:00","Ashland Bottoms",29.8,47.7,0,315.2,2.0,27.8,30.8,593.0
"2017-08-02 14:00","Ashland Bottoms",28.0,57.4,0,121.4,1.8,28.6,31.0,541.8
"2017-08-02 15:00","Ashland Bottoms",30.2,46.9,0,91.4,1.2,28.9,31.0,814.4
"2017-08-02 16:00","Ashland Bottoms",30.6,46.8,0,77.2,1.2,29.3,31.8,615.5
"2017-08-02 17:00","Ashland Bottoms",31.2,44.2,0,93.7,1.3,29.8,32.0,581.7
"2017-08-02 18:00","Ashland Bottoms",30.7,43.7,0,152.9,1.7,30.0,31.8,325.8
"2017-08-02 19:00","Ashland Bottoms",29.7,49.6,0,149.3,0.8,29.8,31.1,131.8
"2017-08-02 20:00","Ashland Bottoms",26.3,62.4,0,153.6,0.9,29.4,30.1,10.7
"2017-08-02 21:00","Ashland Bottoms",24.4,69.4,0,152.2,0.9,28.9,29.2,0
"2017-08-02 22:00","Ashland Bottoms",22.9,74.5,0,154.0,0.9,28.3,28.4,0
"2017-08-02 23:00","Ashland Bottoms",21.7,80.9,0,212.8,0.5,27.8,27.7,0
"2017-08-03 00:00","Ashland Bottoms",21.5,80.5,0,219.6,0.6,27.3,27.0,0
"2017-08-03 01:00","Ashland Bottoms",21.6,77.0,0,168.0,1.3,26.9,26.6,0
"2017-08-03 02:00","Ashland Bottoms",22.2,71.2,0,168.7,1.5,26.6,26.2,0
"2017-08-03 03:00","Ashland Bottoms",22.3,71.8,0,198.0,1.1,26.3,25.9,0
"2017-08-03 04:00","Ashland Bottoms",19.2,87.1,6.35,289.1,6.9,26.0,25.6,0
"2017-08-03 05:00","Ashland Bottoms",18.3,90.4,2.54,321.2,2.4,25.6,24.8,0
"2017-08-03 06:00","Ashland Bottoms",17.8,95.3,0.51,124.5,1.8,25.1,24.2,3.1
"2017-08-03 07:00","Ashland Bottoms",18.3,94.6,0,210.0,1.0,24.7,23.9,107.4
"2017-08-03 08:00","Ashland Bottoms",19.8,90.9,0,229.2,2.8,24.5,23.8,325.1
"2017-08-03 09:00","Ashland Bottoms",21.6,81.3,0,260.3,4.8,24.5,24.3,534.1
"2017-08-03 10:00","Ashland Bottoms",22.6,77.1,0,290.0,4.6,24.8,25.2,710.8
"2017-08-03 11:00","Ashland Bottoms",23.1,72.3,0,300.7,3.6,25.3,26.3,847.0
"2017-08-03 12:00","Ashland Bottoms",24.2,64.7,0,303.9,3.0,26.0,27.6,912.9
"2017-08-03 13:00","Ashland Bottoms",24.8,57.8,0,297.0,3.9,26.8,28.7,934.0
"2017-08-03 14:00","Ashland Bottoms",25.1,55.6,0,305.4,3.5,27.4,29.1,716.3
"2017-08-03 15:00","Ashland Bottoms",25.4,52.4,0,292.1,3.9,27.6,29.0,749.7
"2017-08-03 16:00","Ashland Bottoms",25.6,50.8,0,298.3,4.0,27.7,28.9,578.1
"2017-08-03 17:00","Ashland Bottoms",25.0,51.7,0,310.9,4.4,27.7,28.5,438.5
"2017-08-03 18:00","Ashland Bottoms",24.4,52.0,0,319.6,3.8,27.4,27.8,302.3
"2017-08-03 19:00","Ashland Bottoms",23.6,55.0,0,308.1,2.2,27.0,27.0,109.1
"2017-08-03 20:00","Ashland Bottoms",22.2,60.3,0,299.7,1.4,26.6,26.3,18.3
"2017-08-03 21:00","Ashland Bottoms",20.5,66.6,0,274.1,1.3,26.1,25.5,0
"2017-08-03 22:00","Ashland Bottoms",19.8,72.1,0,314.0,1.7,25.6,24.9,0
"2017-08-03 23:00","Ashland Bottoms",19.7,73.7,0,354.0,1.8,25.1,24.4,0
"2017-08-04 00:00","Ashland Bottoms",19.5,66.6,0,0,3.1,24.8,24.0,0
"2017-08-04 01:00","Ashland Bottoms",18.4,71.0,0,7.4,2.7,24.4,23.6,0
"2017-08-04 02:00","Ashland Bottoms",17.0,77.2,0,15.0,2.1,24.0,23.1,0
"2017-08-04 03:00","Ashland Bottoms",15.9,80.0,0,13.7,1.3,23.7,22.7,0
"2017-08-04 04:00","Ashland Bottoms",14.8,84.6,0,1.4,1.0,23.3,22.2,0
"2017-08-04 05:00","Ashland Bottoms",13.2,92.3,0,212.8,0.6,22.9,21.7,0
"2017-08-04 06:00","Ashland Bottoms",12.3,94.0,0,210.6,0.6,22.5,21.1,22.8
"2017-08-04 07:00","Ashland Bottoms",14.1,87.2,0,134.3,0.3,22.0,20.7,169.4
"2017-08-04 08:00","Ashland Bottoms",16.3,75.1,0,31.8,1.1,21.8,20.7,364.1
"2017-08-04 09:00","Ashland Bottoms",18.0,63.2,0,47.6,0.9,21.9,21.4,575.6
"2017-08-04 10:00","Ashland Bottoms",20.0,50.4,0,70.9,1.2,22.4,22.8,761.6
"2017-08-04 11:00","Ashland Bottoms",21.6,45.6,0,73.5,1.3,23.2,24.4,908.2
"2017-08-04 12:00","Ashland Bottoms",22.4,41.9,0,84.3,1.6,24.3,26.3,1005.9
"2017-08-04 13:00","Ashland Bottoms",23.2,36.9,0,41.2,1.4,25.5,28.1,1045.1
"2017-08-04 14:00","Ashland Bottoms",23.9,35.3,0,36.3,1.9,26.6,29.6,1014.2
"2017-08-04 15:00","Ashland Bottoms",24.6,36.2,0,76.0,1.7,27.6,30.6,912.8
"2017-08-04 16:00","Ashland Bottoms",25.0,35.3,0,113.2,1.7,28.3,30.9,773.2
"2017-08-04 17:00","Ashland Bottoms",25.1,36.4,0,121.9,2.1,28.6,30.8,583.3
"2017-08-04 18:00","Ashland Bottoms",24.8,37.2,0,103.7,2.4,28.5,30.0,355.4
"2017-08-04 19:00","Ashland Bottoms",23.9,43.2,0,85.3,1.9,28.1,28.9,141.0
"2017-08-04 20:00","Ashland Bottoms",20.6,59.8,0,99.6,0.6,27.5,27.7,11.7
"2017-08-04 21:00","Ashland Bottoms",18.0,70.6,0,120.0,0.4,26.8,26.6,0
"2017-08-04 22:00","Ashland Bottoms",17.0,72.3,0,180.8,0.5,26.2,25.6,0
"2017-08-04 23:00","Ashland Bottoms",17.7,68.4,0,149.5,0.7,25.5,24.9,0
"2017-08-05 00:00","Ashland Bottoms",18.8,60.2,0,105.9,1.8,25.0,24.3,0
"2017-08-05 01:00","Ashland Bottoms",18.4,58.8,0,108.9,1.2,24.6,23.9,0
"2017-08-05 02:00","Ashland Bottoms",18.7,58.1,0,123.8,1.8,24.3,23.5,0
"2017-08-05 03:00","Ashland Bottoms",19.0,59.3,0,108.8,2.3,23.9,23.2,0
"2017-08-05 04:00","Ashland Bottoms",19.1,61.4,0,127.1,2.0,23.6,22.9,0
"2017-08-05 05:00","Ashland Bottoms",17.5,75.0,1.27,137.8,3.3,23.4,22.6,0
"2017-08-05 06:00","Ashland Bottoms",15.5,91.8,21.59,91.1,3.3,23.0,22.1,0
"2017-08-05 07:00","Ashland Bottoms",14.8,98.0,15.49,25.3,3.3,21.8,20.6,0
"2017-08-05 08:00","Ashland Bottoms",15.0,94.3,2.54,100.8,4.7,21.2,20.0,11.5
"2017-08-05 09:00","Ashland Bottoms",15.5,91.8,0,87.1,3.1,21.0,19.9,40.9
"2017-08-05 10:00","Ashland Bottoms",15.9,91.7,0.76,100.6,3.3,20.9,20.0,142.4
"2017-08-05 11:00","Ashland Bottoms",19.4,83.7,0,116.2,4.2,20.9,20.4,693.1
"2017-08-05 12:00","Ashland Bottoms",22.9,71.5,0,120.8,4.5,21.4,21.9,683.2
"2017-08-05 13:00","Ashland Bottoms",24.0,67.8,0,111.6,4.8,22.1,22.8,747.6
"2017-08-05 14:00","Ashland Bottoms",24.8,66.7,0,95.5,4.6,22.7,23.9,756.3
"2017-08-05 15:00","Ashland Bottoms",25.1,66.6,0,92.6,3.7,23.4,24.7,480.6
"2017-08-05 16:00","Ashland Bottoms",25.0,68.6,0,68.6,3.4,23.8,24.9,396.4
"2017-08-05 17:00","Ashland Bottoms",24.3,74.9,0,46.6,4.3,24.1,25.0,398.5
"2017-08-05 18:00","Ashland Bottoms",22.4,80.7,0,43.6,4.3,24.2,25.0,214.2
"2017-08-05 19:00","Ashland Bottoms",20.8,85.7,0,42.5,4.3,24.2,24.5,11.6
"2017-08-05 20:00","Ashland Bottoms",19.2,93.4,27.69,25.4,4.3,23.8,23.7,0.1
"2017-08-05 21:00","Ashland Bottoms",18.1,98.3,16.00,57.6,3.4,22.1,21.6,0
"2017-08-05 22:00","Ashland Bottoms",18.0,97.2,0,40.2,2.7,21.8,21.4,0
"2017-08-05 23:00","Ashland Bottoms",17.9,97.7,0,47.0,2.3,21.7,21.3,0
"2017-08-06 00:00","Ashland Bottoms",18.0,96.7,0,42.6,2.6,21.5,21.1,0
"2017-08-06 01:00","Ashland Bottoms",18.1,96.6,0,55.9,1.9,21.4,21.0,0
"2017-08-06 02:00","Ashland Bottoms",18.2,96.6,0,68.6,1.5,21.3,21.0,0
"2017-08-06 03:00","Ashland Bottoms",18.4,96.8,0,73.5,1.2,21.3,21.0,0
"2017-08-06 04:00","Ashland Bottoms",18.7,96.0,0,61.2,1.1,21.3,21.1,0
"2017-08-06 05:00","Ashland Bottoms",18.7,97.2,0,10.4,1.0,21.3,21.1,0
"2017-08-06 06:00","Ashland Bottoms",18.6,97.8,0,30.5,1.3,21.3,21.1,1.6
"2017-08-06 07:00","Ashland Bottoms",18.6,97.7,0,20.0,1.1,21.3,21.1,19.4
"2017-08-06 08:00","Ashland Bottoms",18.9,96.7,0,21.4,1.5,21.3,21.1,45.8
"2017-08-06 09:00","Ashland Bottoms",19.0,95.9,0,10.7,1.6,21.3,21.2,68.7
"2017-08-06 10:00","Ashland Bottoms",19.6,93.1,0,346.1,1.5,21.4,21.4,245.2
"2017-08-06 11:00","Ashland Bottoms",20.9,87.5,0,313.1,1.6,21.6,22.0,339.5
"2017-08-06 12:00","Ashland Bottoms",21.6,84.9,0,335.1,2.2,22.0,22.8,234.8
"2017-08-06 13:00","Ashland Bottoms",21.1,87.2,0,346.7,2.8,22.3,23.0,117.9
"2017-08-06 14:00","Ashland Bottoms",21.3,85.5,0,352.4,2.5,22.4,22.9,188.3
"2017-08-06 15:00","Ashland Bottoms",21.8,82.8,0,344.9,1.8,22.5,23.1,242.3
"2017-08-06 16:00","Ashland Bottoms",21.7,84.0,0,339.1,2.3,22.7,23.3,102.1
"2017-08-06 17:00","Ashland Bottoms",21.7,81.3,0,348.3,3.0,22.8,23.2,219.3
"2017-08-06 18:00","Ashland Bottoms",22.2,79.0,0,351.9,3.0,22.8,23.3,193.9
"2017-08-06 19:00","Ashland Bottoms",21.5,81.0,0,0,2.3,22.9,23.3,46.6
"2017-08-06 20:00","Ashland Bottoms",21.0,81.2,0,0,2.0,22.9,23.1,3.4
"2017-08-06 21:00","Ashland Bottoms",20.5,84.0,0,322.4,1.0,22.8,22.8,0
"2017-08-06 22:00","Ashland Bottoms",18.9,90.1,0,295.1,0.4,22.6,22.5,0
"2017-08-06 23:00","Ashland Bottoms",17.7,95.4,0,175.8,0.7,22.4,22.1,0
"2017-08-07 00:00","Ashland Bottoms",17.1,97.5,0,217.3,0.5,22.1,21.7,0
"2017-08-07 01:00","Ashland Bottoms",16.4,99.5,0,164.9,0.7,21.9,21.3,0
"2017-08-07 02:00","Ashland Bottoms",16.3,99.6,0,137.9,0.4,21.6,21.0,0
"2017-08-07 03:00","Ashland Bottoms",15.8,99.9,0,324.8,0.4,21.4,20.8,0
"2017-08-07 04:00","Ashland Bottoms",15.8,99.9,0,154.3,0.6,21.2,20.6,0
"2017-08-07 05:00","Ashland Bottoms",15.9,99.9,0,141.8,0.5,21.1,20.5,0
"2017-08-07 06:00","Ashland Bottoms",16.1,99.9,0,150.3,0.4,20.9,20.4,6.2
"2017-08-07 07:00","Ashland Bottoms",16.8,99.8,0,148.8,0.5,20.8,20.3,75.7
"2017-08-07 08:00","Ashland Bottoms",18.9,92.7,0,350.5,1.3,20.8,20.5,256.8
"2017-08-07 09:00","Ashland Bottoms",20.7,84.1,0,349.5,1.3,21.0,21.0,298.6
"2017-08-07 10:00","Ashland Bottoms",21.9,78.1,0,0,2.1,21.3,21.9,513.2
"2017-08-07 11:00","Ashland Bottoms",22.7,73.1,0,3.4,2.3,21.9,22.8,538.6
"2017-08-07 12:00","Ashland Bottoms",23.3,68.8,0,24.7,2.7,22.4,23.6,451.3
"2017-08-07 13:00","Ashland Bottoms",23.7,65.0,0,35.2,3.3,22.9,24.0,498.8
"2017-08-07 14:00","Ashland Bottoms",24.1,64.5,0,57.0,2.3,23.2,24.3,364.6
"2017-08-07 15:00","Ashland Bottoms",24.4,64.5,0,70.3,1.5,23.5,24.5,364.5
"2017-08-07 16:00","Ashland Bottoms",25.0,59.2,0,57.9,2.1,23.7,24.8,577.4
"2017-08-07 17:00","Ashland Bottoms",25.1,58.0,0,64.4,1.7,24.0,25.3,440.3
"2017-08-07 18:00","Ashland Bottoms",24.7,61.2,0,54.6,1.0,24.3,25.4,178.5
"2017-08-07 19:00","Ashland Bottoms",24.7,59.5,0,67.2,0.3,24.3,25.0,99.9
"2017-08-07 20:00","Ashland Bottoms",22.0,76.9,0,189.1,0.8,24.2,24.6,13.0
"2017-08-07 21:00","Ashland Bottoms",19.3,91.2,0,155.2,0.7,23.9,24.0,0
"2017-08-07 22:00","Ashland Bottoms",18.4,93.2,0,175.7,0.7,23.5,23.3,0
"2017-08-07 23:00","Ashland Bottoms",18.0,96.6,0,176.3,0.4,23.2,22.9,0
"2017-08-08 00:00","Ashland Bottoms",17.2,98.5,0,149.0,0.8,22.9,22.5,0
"2017-08-08 01:00","Ashland Bottoms",16.6,98.8,0,146.4,0.4,22.6,22.2,0
"2017-08-08 02:00","Ashland Bottoms",16.5,99.4,0,172.6,0.5,22.4,21.8,0
"2017-08-08 03:00","Ashland Bottoms",16.6,99.3,0,171.8,0.3,22.1,21.6,0
"2017-08-08 04:00","Ashland Bottoms",16.7,99.6,0,174.0,0.4,21.9,21.4,0
"2017-08-08 05:00","Ashland Bottoms",16.2,99.7,0,149.3,0.5,21.8,21.2,0
"2017-08-08 06:00","Ashland Bottoms",15.4,99.6,0,190.7,0.3,21.6,21.0,8.4
"2017-08-08 07:00","Ashland Bottoms",16.8,98.8,0,175.9,0.3,21.4,20.8,109.7
"2017-08-08 08:00","Ashland Bottoms",19.4,88.5,0,49.6,0.7,21.3,20.9,315.8
"2017-08-08 09:00","Ashland Bottoms",21.2,80.7,0,53.0,1.0,21.4,21.5,522.7
"2017-08-08 10:00","Ashland Bottoms",23.3,69.0,0,70.7,1.4,21.9,22.7,680.7
"2017-08-08 11:00","Ashland Bottoms",24.3,61.9,0,131.0,1.1,22.6,23.9,535.6
"2017-08-08 12:00","Ashland Bottoms",25.2,57.5,0,146.3,1.4,23.3,24.8,710.4
"2017-08-08 13:00","Ashland Bottoms",26.1,53.6,0,138.1,1.3,23.9,25.7,915.0
"2017-08-08 14:00","Ashland Bottoms",25.2,58.1,0,60.2,1.9,24.7,26.6,409.4
"2017-08-08 15:00","Ashland Bottoms",24.1,62.3,0,82.4,2.4,25.0,26.3,227.9
"2017-08-08 16:00","Ashland Bottoms",25.0,59.7,0,95.9,2.1,25.0,25.9,532.2
"2017-08-08 17:00","Ashland Bottoms",26.4,53.9,0,114.6,2.3,25.0,26.1,538.7
"2017-08-08 18:00","Ashland Bottoms",26.1,53.2,0,129.2,1.8,25.1,25.9,323.7
"2017-08-08 19:00","Ashland Bottoms",25.2,58.5,0,110.8,1.2,25.0,25.4,121.8
"2017-08-08 20:00","Ashland Bottoms",22.2,73.9,0,109.8,0.8,24.7,24.9,8.8
"2017-08-08 21:00","Ashland Bottoms",19.7,85.0,0,124.2,0.7,24.4,24.3,0
"2017-08-08 22:00","Ashland Bottoms",19.0,85.8,0,174.3,0.4,24.0,23.7,0
"2017-08-08 23:00","Ashland Bottoms",19.1,82.8,0,187.4,0.6,23.6,23.2,0
"2017-08-09 00:00","Ashland Bottoms",19.0,82.8,0,99.9,0.5,23.3,22.8,0
"2017-08-09 01:00","Ashland Bottoms",19.3,82.3,0,16.9,0.2,23.0,22.5,0
"2017-08-09 02:00","Ashland Bottoms",19.2,81.8,0,190.6,0.8,22.8,22.4,0
"2017-08-09 03:00","Ashland Bottoms",19.5,79.9,0,184.6,0.8,22.6,22.2,0
"2017-08-09 04:00","Ashland Bottoms",19.2,81.3,0,3.2,0.4,22.5,22.1,0
"2017-08-09 05:00","Ashland Bottoms",19.2,80.1,0,60.3,0.8,22.3,21.9,0
"2017-08-09 06:00","Ashland Bottoms",18.7,82.9,0,90.1,0.6,22.2,21.8,7.9
"2017-08-09 07:00","Ashland Bottoms",19.2,82.3,0,57.8,0.5,22.0,21.6,97.3
"2017-08-09 08:00","Ashland Bottoms",21.1,76.7,0,4.0,0.5,22.0,21.7,315.5
"2017-08-09 09:00","Ashland Bottoms",23.7,66.2,0,138.5,1.6,22.1,22.3,547.0
"2017-08-09 10:00","Ashland Bottoms",25.1,60.4,0,147.8,2.0,22.5,23.3,623.6
"2017-08-09 11:00","Ashland Bottoms",26.3,55.6,0,162.1,2.3,23.1,24.3,765.9
"2017-08-09 12:00","Ashland Bottoms",26.5,54.7,0,172.2,2.3,23.7,25.2,537.5
"2017-08-09 13:00","Ashland Bottoms",25.6,62.0,0,205.8,2.6,24.2,25.3,277.4
"2017-08-09 14:00","Ashland Bottoms",21.7,89.1,1.27,227.2,2.7,24.3,25.1,165.3
"2017-08-09 15:00","Ashland Bottoms",20.9,90.8,0.76,213.6,1.8,24.2,24.7,198.9
"2017-08-09 16:00","Ashland Bottoms",21.4,84.8,0,165.7,2.3,24.1,24.7,455.1
"2017-08-09 17:00","Ashland Bottoms",23.4,73.2,0,133.6,2.2,24.3,25.0,436.2
"2017-08-09 18:00","Ashland Bottoms",24.4,66.9,0,116.1,1.8,24.4,25.1,211.8
"2017-08-09 19:00","Ashland Bottoms",23.7,72.1,0,85.4,0.9,24.4,24.8,81.8
"2017-08-09 20:00","Ashland Bottoms",22.1,84.5,0,21.1,0.2,24.3,24.5,3.8
"2017-08-09 21:00","Ashland Bottoms",21.1,89.7,0,112.4,0.4,24.1,24.2,0
"2017-08-09 22:00","Ashland Bottoms",20.2,91.0,0,184.7,0.4,23.9,23.8,0
"2017-08-09 23:00","Ashland Bottoms",19.4,96.7,0.25,164.8,0.2,23.6,23.4,0
"2017-08-10 00:00","Ashland Bottoms",19.3,97.4,0,194.9,0.4,23.4,23.2,0
"2017-08-10 01:00","Ashland Bottoms",19.2,96.9,0,161.8,0.1,23.2,23.0,0
"2017-08-10 02:00","Ashland Bottoms",18.3,98.5,0,188.9,0.5,23.0,22.7,0
"2017-08-10 03:00","Ashland Bottoms",17.9,99.4,0,184.9,0.5,22.8,22.4,0
"2017-08-10 04:00","Ashland Bottoms",17.5,99.8,0,142.6,0.3,22.6,22.1,0
"2017-08-10 05:00","Ashland Bottoms",17.1,99.9,0,169.3,0.3,22.4,21.8,0
"2017-08-10 06:00","Ashland Bottoms",16.7,99.9,0,161.0,0.3,22.2,21.6,4.8
"2017-08-10 07:00","Ashland Bottoms",17.2,99.9,0,125.4,0.2,22.0,21.5,78.8
"2017-08-10 08:00","Ashland Bottoms",19.0,99.7,0,141.6,0.5,21.9,21.7,208.6
"2017-08-10 09:00","Ashland Bottoms",21.4,87.8,0,242.3,1.1,22.1,22.3,480.5
"2017-08-10 10:00","Ashland Bottoms",23.3,79.6,0,246.6,1.1,22.5,23.4,690.0
"2017-08-10 11:00","Ashland Bottoms",25.0,73.9,0,187.0,1.0,23.3,24.8,836.1
"2017-08-10 12:00","Ashland Bottoms",26.5,69.4,0,106.7,0.9,24.2,26.3,880.9
"2017-08-10 13:00","Ashland Bottoms",27.0,69.4,0,196.0,1.9,25.1,27.4,768.3
"2017-08-10 14:00","Ashland Bottoms",27.2,70.4,0,264.4,1.2,25.8,28.0,568.8
"2017-08-10 15:00","Ashland Bottoms",27.5,71.1,0,307.1,1.5,26.3,28.3,437.1
"2017-08-10 16:00","Ashland Bottoms",27.3,72.6,0,295.3,2.0,26.6,28.3,293.7
"2017-08-10 17:00","Ashland Bottoms",27.0,73.7,0,269.8,2.1,26.6,27.9,192.2
"2017-08-10 18:00","Ashland Bottoms",26.9,74.3,0,292.2,2.5,26.5,27.6,307.2
"2017-08-10 19:00","Ashland Bottoms",26.8,74.9,0,304.3,1.4,26.4,27.3,118.4
"2017-08-10 20:00","Ashland Bottoms",25.2,83.1,0,270.2,0.8,26.3,26.8,8.7
"2017-08-10 21:00","Ashland Bottoms",23.4,74.1,0,15.8,2.5,26.0,26.2,0
"2017-08-10 22:00","Ashland Bottoms",21.9,74.4,0,20.2,1.7,25.6,25.6,0
"2017-08-10 23:00","Ashland Bottoms",21.5,78.0,0,10.6,1.9,25.2,25.0,0
"2017-08-11 00:00","Ashland Bottoms",20.8,84.0,3.30,138.1,1.1,24.8,24.6,0
"2017-08-11 01:00","Ashland Bottoms",19.0,90.7,17.27,15.7,2.1,24.4,23.8,0
"2017-08-11 02:00","Ashland Bottoms",17.7,94.3,0.76,41.7,1.2,23.8,23.1,0
"2017-08-11 03:00","Ashland Bottoms",17.9,96.6,0,302.5,0.3,23.5,22.8,0
"2017-08-11 04:00","Ashland Bottoms",17.9,96.9,0,280.0,0.3,23.2,22.6,0
"2017-08-11 05:00","Ashland Bottoms",18.3,95.0,0,324.6,0.7,22.9,22.3,0
"2017-08-11 06:00","Ashland Bottoms",18.5,93.1,0,337.1,0.7,22.7,22.2,4.1
"2017-08-11 07:00","Ashland Bottoms",19.1,90.1,0,320.6,0.8,22.6,22.1,120.3
"2017-08-11 08:00","Ashland Bottoms",20.6,81.0,0,3.3,1.4,22.5,22.3,304.6
"2017-08-11 09:00","Ashland Bottoms",21.6,75.7,0,355.0,2.6,22.6,22.9,517.6
"2017-08-11 10:00","Ashland Bottoms",22.7,69.8,0,348.6,2.7,23.0,23.8,705.6
"2017-08-11 11:00","Ashland Bottoms",23.9,64.3,0,0,3.0,23.6,24.8,858.5
"2017-08-11 12:00","Ashland Bottoms",24.6,60.8,0,339.9,3.1,24.3,26.0,935.3
"2017-08-11 13:00","Ashland Bottoms",25.2,57.2,0,332.5,2.9,25.1,27.1,1029.9
"2017-08-11 14:00","Ashland Bottoms",25.8,54.5,0,346.0,2.8,25.9,28.1,931.8
"2017-08-11 15:00","Ashland Bottoms",26.2,51.7,0,351.8,2.5,26.5,28.6,701.4
"2017-08-11 16:00","Ashland Bottoms",26.8,48.5,0,328.3,2.5,26.9,28.7,743.8
"2017-08-11 17:00","Ashland Bottoms",26.7,48.1,0,318.2,2.5,27.1,28.7,517.2
"2017-08-11 18:00","Ashland Bottoms",26.6,47.6,0,311.3,2.2,27.0,28.2,322.7
"2017-08-11 19:00","Ashland Bottoms",25.8,52.7,0,302.6,1.2,26.8,27.5,125.8
"2017-08-11 20:00","Ashland Bottoms",23.2,65.4,0,216.0,0.6,26.4,26.8,8.5
"2017-08-11 21:00","Ashland Bottoms",20.2,83.1,0,166.8,0.5,26.0,25.9,0
"2017-08-11 22:00","Ashland Bottoms",18.9,90.3,0,167.9,0.6,25.5,25.3,0
"2017-08-11 23:00","Ashland Bottoms",18.1,96.9,0,166.6,0.3,25.1,24.7,0
"2017-08-12 00:00","Ashland Bottoms",17.6,96.6,0,185.2,0.3,24.7,24.1,0
"2017-08-12 01:00","Ashland Bottoms",17.0,96.4,0,170.7,0.5,24.3,23.6,0
"2017-08-12 02:00","Ashland Bottoms",16.4,98.4,0,177.6,0.3,23.9,23.2,0
"2017-08-12 03:00","Ashland Bottoms",15.6,99.6,0,187.6,0.6,23.5,22.7,0
"2017-08-12 04:00","Ashland Bottoms",15.2,99.8,0,158.0,0.5,23.2,22.3,0
"2017-08-12 05:00","Ashland Bottoms",15.4,99.9,0,165.5,0.5,22.8,21.9,0
"2017-08-12 06:00","Ashland Bottoms",14.7,99.9,0,158.3,0.3,22.5,21.6,12.0
"2017-08-12 07:00","Ashland Bottoms",16.2,96.8,0,48.5,0.2,22.3,21.4,141.2
"2017-08-12 08:00","Ashland Bottoms",18.5,86.3,0,41.5,0.8,22.1,21.5,327.5
"2017-08-12 09:00","Ashland Bottoms",20.8,81.0,0,29.3,1.2,22.2,22.1,459.0
"2017-08-12 10:00","Ashland Bottoms",23.0,72.9,0,40.6,1.6,22.6,23.1,718.1
"2017-08-12 11:00","Ashland Bottoms",24.9,60.4,0,62.8,1.4,23.3,24.5,792.0
"2017-08-12 12:00","Ashland Bottoms",25.4,52.4,0,101.9,1.9,24.0,25.6,617.0
"2017-08-12 13:00","Ashland Bottoms",25.8,51.2,0,80.2,2.0,24.6,26.1,698.7
"2017-08-12 14:00","Ashland Bottoms",26.3,50.5,0,79.2,2.4,25.1,26.8,828.8
"2017-08-12 15:00","Ashland Bottoms",26.0,55.5,0,61.8,2.5,25.6,27.3,588.3
"2017-08-12 16:00","Ashland Bottoms",26.2,53.4,0,67.4,2.0,25.9,27.4,483.1
"2017-08-12 17:00","Ashland Bottoms",25.6,57.0,0,88.2,2.5,26.1,27.2,275.0
"2017-08-12 18:00","Ashland Bottoms",25.7,56.0,0,85.3,2.6,25.9,26.6,256.2
"2017-08-12 19:00","Ashland Bottoms",24.3,62.2,0,87.2,1.8,25.7,26.0,83.4
"2017-08-12 20:00","Ashland Bottoms",21.9,71.6,0,98.0,1.2,25.3,25.4,4.8
"2017-08-12 21:00","Ashland Bottoms",20.6,75.3,0,112.0,1.3,24.9,24.7,0
"2017-08-12 22:00","Ashland Bottoms",19.3,82.7,0,262.6,0.2,24.5,24.1,0
"2017-08-12 23:00","Ashland Bottoms",18.6,86.0,0,119.7,0.6,24.1,23.7,0
"2017-08-13 00:00","Ashland Bottoms",18.0,88.9,0,266.0,0.5,23.8,23.3,0
"2017-08-13 01:00","Ashland Bottoms",17.6,91.9,0,187.3,0.8,23.5,23.0,0
"2017-08-13 02:00","Ashland Bottoms",16.5,96.7,0,183.8,0.4,23.2,22.6,0
"2017-08-13 03:00","Ashland Bottoms",16.7,95.2,0,236.3,0.4,23.0,22.2,0
"2017-08-13 04:00","Ashland Bottoms",16.6,96.2,0,294.9,0.5,22.7,22.0,0
"2017-08-13 05:00","Ashland Bottoms",16.6,96.6,0,132.3,0.3,22.5,21.7,0
"2017-08-13 06:00","Ashland Bottoms",15.9,99.1,0,95.0,0.3,22.2,21.5,6.6
"2017-08-13 07:00","Ashland Bottoms",16.9,96.0,0,27.0,1.0,22.0,21.3,109.9
"2017-08-13 08:00","Ashland Bottoms",18.6,89.9,0,42.3,1.2,21.9,21.5,267.9
"2017-08-13 09:00","Ashland Bottoms",21.6,77.5,0,97.9,1.9,22.0,22.0,437.5
"2017-08-13 10:00","Ashland Bottoms",23.0,71.7,0,137.4,2.3,22.4,22.9,496.5
"2017-08-13 11:00","Ashland Bottoms",24.5,68.2,0,132.2,2.3,22.8,23.6,692.5
"2017-08-13 12:00","Ashland Bottoms",25.1,64.6,0,151.2,2.4,23.4,24.5,632.2
"2017-08-13 13:00","Ashland Bottoms",26.1,59.8,0,148.7,2.1,23.9,25.2,793.6
"2017-08-13 14:00","Ashland Bottoms",27.4,53.7,0,144.5,2.3,24.5,26.3,917.5
"2017-08-13 15:00","Ashland Bottoms",28.0,53.2,0,144.8,2.2,25.3,27.2,808.9
"2017-08-13 16:00","Ashland Bottoms",28.0,55.4,0,145.9,1.9,25.8,27.5,478.7
"2017-08-13 17:00","Ashland Bottoms",27.7,57.9,0,153.6,1.9,26.0,27.4,362.1
"2017-08-13 18:00","Ashland Bottoms",27.7,58.6,0,136.6,2.0,26.0,27.0,284.1
"2017-08-13 19:00","Ashland Bottoms",26.6,65.7,0,116.6,0.8,25.9,26.5,98.7
"2017-08-13 20:00","Ashland Bottoms",24.3,78.2,0,167.8,0.2,25.6,26.0,6.7
"2017-08-13 21:00","Ashland Bottoms",22.6,84.1,0,153.6,0.3,25.4,25.5,0
"2017-08-13 22:00","Ashland Bottoms",22.5,84.6,0,135.8,1.5,25.0,25.0,0
"2017-08-13 23:00","Ashland Bottoms",22.0,90.3,0,147.9,1.2,24.7,24.6,0
"2017-08-14 00:00","Ashland Bottoms",21.7,91.9,0,152.9,1.9,24.5,24.3,0
"2017-08-14 01:00","Ashland Bottoms",21.3,92.8,0,150.2,2.5,24.2,24.0,0
"2017-08-14 02:00","Ashland Bottoms",20.9,94.4,0,151.5,2.2,24.0,23.7,0
"2017-08-14 03:00","Ashland Bottoms",20.7,95.7,0,157.4,2.0,23.8,23.5,0
"2017-08-14 04:00","Ashland Bottoms",21.0,95.4,0,160.9,2.7,23.6,23.3,0
"2017-08-14 05:00","Ashland Bottoms",21.4,94.3,0,176.8,2.6,23.5,23.2,0
"2017-08-14 06:00","Ashland Bottoms",21.1,95.7,0,180.2,1.2,23.4,23.2,5.3
"2017-08-14 07:00","Ashland Bottoms",21.0,96.2,0,40.1,0.6,23.3,23.1,85.0
"2017-08-14 08:00","Ashland Bottoms",22.0,93.3,0,173.1,1.5,23.3,23.2,131.7
"2017-08-14 09:00","Ashland Bottoms",22.7,90.4,0,165.0,1.8,23.4,23.6,192.4
"2017-08-14 10:00","Ashland Bottoms",23.7,86.3,0,173.8,2.2,23.5,23.9,286.0
"2017-08-14 11:00","Ashland Bottoms",25.4,80.0,0,160.5,2.1,23.8,24.6,746.5
"2017-08-14 12:00","Ashland Bottoms",27.3,73.4,0,188.0,2.4,24.4,25.9,776.5
"2017-08-14 13:00","Ashland Bottoms",28.6,68.7,0,220.5,1.7,25.2,27.1,593.8
"2017-08-14 14:00","Ashland Bottoms",29.9,60.3,0,186.0,1.6,25.9,27.8,743.2
"2017-08-14 15:00","Ashland Bottoms",31.0,55.7,0,141.5,1.8,26.5,28.7,769.4
"2017-08-14 16:00","Ashland Bottoms",31.4,54.3,0,153.2,2.0,27.1,29.4,644.0
"2017-08-14 17:00","Ashland Bottoms",31.2,55.7,0,134.9,1.8,27.5,29.4,424.8
"2017-08-14 18:00","Ashland Bottoms",30.0,61.5,0,109.1,2.3,27.6,29.0,163.3
"2017-08-14 19:00","Ashland Bottoms",28.9,66.0,0,118.5,2.2,27.4,28.4,78.2
"2017-08-14 20:00","Ashland Bottoms",27.1,72.6,0,124.1,2.0,27.1,27.7,3.1
"2017-08-14 21:00","Ashland Bottoms",25.5,78.8,0,161.3,2.1,26.8,27.1,0
"2017-08-14 22:00","Ashland Bottoms",24.7,82.0,0,159.4,2.3,26.4,26.6,0
"2017-08-14 23:00","Ashland Bottoms",24.5,83.2,0,158.5,2.4,26.1,26.1,0
"2017-08-15 00:00","Ashland Bottoms",24.0,85.1,0,161.9,2.3,25.8,25.7,0
"2017-08-15 01:00","Ashland Bottoms",23.7,86.8,0,164.4,1.9,25.5,25.4,0
"2017-08-15 02:00","Ashland Bottoms",23.3,89.1,0,201.8,0.7,25.3,25.2,0
"2017-08-15 03:00","Ashland Bottoms",22.6,92.1,0,177.6,1.1,25.1,24.9,0
"2017-08-15 04:00","Ashland Bottoms",21.8,95.0,0,230.0,0.4,24.9,24.7,0
"2017-08-15 05:00","Ashland Bottoms",21.0,97.7,0,341.2,0.6,24.7,24.4,0
"2017-08-15 06:00","Ashland Bottoms",20.7,98.9,0,233.2,0.2,24.5,24.2,4.2
"2017-08-15 07:00","Ashland Bottoms",21.2,97.6,0,71.6,0.3,24.3,24.0,80.4
"2017-08-15 08:00","Ashland Bottoms",23.3,90.4,0,111.8,0.5,24.2,24.1,162.1
"2017-08-15 09:00","Ashland Bottoms",25.2,82.6,0,148.8,1.5,24.3,24.6,328.5
"2017-08-15 10:00","Ashland Bottoms",27.6,72.4,0,160.7,2.2,24.6,25.3,625.5
"2017-08-15 11:00","Ashland Bottoms",M,M,M,M,M,M,M,M
"2017-08-15 12:00","Ashland Bottoms",29.8,61.0,0,135.1,2.2,25.9,27.9,856.0
"2017-08-15 13:00","Ashland Bottoms",30.0,60.0,0,109.1,2.8,26.8,29.0,784.0
"2017-08-15 14:00","Ashland Bottoms",30.5,56.4,0,115.3,2.9,27.5,29.8,852.5
"2017-08-15 15:00","Ashland Bottoms",30.6,57.1,0,104.6,3.5,28.1,30.5,810.5
"2017-08-15 16:00","Ashland Bottoms",30.3,56.7,0,104.9,3.5,28.5,30.8,638.4
"2017-08-15 17:00","Ashland Bottoms",29.9,57.7,0,117.5,2.8,28.7,30.6,421.2
"2017-08-15 18:00","Ashland Bottoms",29.3,61.4,0,127.7,2.7,28.7,30.0,277.3
"2017-08-15 19:00","Ashland Bottoms",28.4,65.6,0,113.5,2.4,28.4,29.3,104.6
"2017-08-15 20:00","Ashland Bottoms",26.1,76.8,0,102.0,1.2,28.0,28.6,2.8
"2017-08-15 21:00","Ashland Bottoms",24.5,85.1,0,52.1,0.4,27.6,27.9,0
"2017-08-15 22:00","Ashland Bottoms",24.8,85.7,0,53.3,0.8,27.3,27.4,0
"2017-08-15 23:00","Ashland Bottoms",24.5,87.8,0,60.1,1.3,27.0,27.1,0
"2017-08-16 00:00","Ashland Bottoms",24.7,87.3,0,83.4,0.8,26.7,26.8,0
"2017-08-16 01:00","Ashland Bottoms",24.9,85.6,0,124.1,1.6,26.5,26.6,0
"2017-08-16 02:00","Ashland Bottoms",24.5,85.2,0,141.2,2.5,26.3,26.4,0
"2017-08-16 03:00","Ashland Bottoms",23.8,82.4,0,154.0,2.7,26.1,26.1,0
"2017-08-16 04:00","Ashland Bottoms",22.5,87.5,0,160.5,1.6,25.9,25.7,0
"2017-08-16 05:00","Ashland Bottoms",22.2,90.9,0,150.6,1.0,25.6,25.4,0
"2017-08-16 06:00","Ashland Bottoms",22.2,92.3,0,140.2,1.8,25.4,25.2,9.2
"2017-08-16 07:00","Ashland Bottoms",19.8,92.8,11.43,251.7,4.2,25.1,24.7,15.8
"2017-08-16 08:00","Ashland Bottoms",18.7,91.7,1.27,337.2,1.9,24.6,24.0,32.0
"2017-08-16 09:00","Ashland Bottoms",18.9,94.0,0.76,103.7,2.1,24.3,23.7,70.7
"2017-08-16 10:00","Ashland Bottoms",20.6,88.7,0,87.6,1.6,24.1,23.7,403.0
"2017-08-16 11:00","Ashland Bottoms",23.1,80.1,0,148.5,1.3,24.2,24.6,785.1
"2017-08-16 12:00","Ashland Bottoms",25.0,71.5,0,221.2,2.3,24.9,26.3,879.1
"2017-08-16 13:00","Ashland Bottoms",26.0,65.4,0,222.0,3.5,25.8,27.6,744.7
"2017-08-16 14:00","Ashland Bottoms",26.3,63.4,0,234.5,3.3,26.4,28.1,649.6
"2017-08-16 15:00","Ashland Bottoms",26.4,64.9,0,246.5,3.9,26.8,28.2,705.3
"2017-08-16 16:00","Ashland Bottoms",26.8,59.5,0,256.6,4.1,27.1,28.5,715.1
"2017-08-16 17:00","Ashland Bottoms",27.0,59.2,0,261.2,3.2,27.3,28.6,519.5
"2017-08-16 18:00","Ashland Bottoms",27.4,58.1,0,250.3,2.8,27.3,28.2,323.2
"2017-08-16 19:00","Ashland Bottoms",26.8,61.3,0,261.9,1.6,27.1,27.7,132.9
"2017-08-16 20:00","Ashland Bottoms",23.7,80.5,0,191.0,0.7,26.9,27.2,6.9
"2017-08-16 21:00","Ashland Bottoms",22.2,87.4,0,142.1,0.7,26.6,26.6,0
"2017-08-16 22:00","Ashland Bottoms",21.1,92.0,0,216.0,0.7,26.2,26.0,0
"2017-08-16 23:00","Ashland Bottoms",20.6,92.4,0,234.8,1.3,25.8,25.6,0
"2017-08-17 00:00","Ashland Bottoms",20.7,85.2,0,258.1,1.5,25.5,25.1,0
"2017-08-17 01:00","Ashland Bottoms",19.2,91.9,0,218.4,1.2,25.2,24.7,0
"2017-08-17 02:00","Ashland Bottoms",18.7,94.1,0,231.3,1.9,24.9,24.3,0
"2017-08-17 03:00","Ashland Bottoms",18.4,95.0,0,240.4,1.9,24.6,24.0,0
"2017-08-17 04:00","Ashland Bottoms",18.1,95.5,0,226.8,2.1,24.3,23.6,0
"2017-08-17 05:00","Ashland Bottoms",18.1,95.0,0,219.0,2.1,24.0,23.3,0
"2017-08-17 06:00","Ashland Bottoms",17.3,97.9,0,227.2,1.6,23.7,23.0,6.1
"2017-08-17 07:00","Ashland Bottoms",17.8,94.9,0,237.3,2.0,23.5,22.8,125.9
"2017-08-17 08:00","Ashland Bottoms",19.1,86.6,0,256.4,2.9,23.3,22.7,322.8
"2017-08-17 09:00","Ashland Bottoms",21.3,75.3,0,269.9,3.2,23.3,23.1,535.1
"2017-08-17 10:00","Ashland Bottoms",23.3,64.0,0,259.3,3.2,23.5,23.9,721.8
"2017-08-17 11:00","Ashland Bottoms",25.0,54.3,0,258.6,3.3,24.0,25.0,866.4
"2017-08-17 12:00","Ashland Bottoms",26.2,47.9,0,289.3,3.3,24.8,26.3,957.4
"2017-08-17 13:00","Ashland Bottoms",27.4,39.3,0,296.0,3.5,25.5,27.4,989.3
"2017-08-17 14:00","Ashland Bottoms",28.1,38.7,0,288.1,3.1,26.3,28.2,958.0
"2017-08-17 15:00","Ashland Bottoms",28.6,39.3,0,284.4,2.6,26.9,28.9,859.2
"2017-08-17 16:00","Ashland Bottoms",29.1,38.8,0,262.3,2.2,27.3,29.2,706.3
"2017-08-17 17:00","Ashland Bottoms",29.4,38.5,0,239.6,2.2,27.6,29.1,507.3
"2017-08-17 18:00","Ashland Bottoms",29.2,40.3,0,223.3,1.7,27.5,28.6,293.0
"2017-08-17 19:00","Ashland Bottoms",27.3,53.9,0,178.7,1.0,27.3,27.9,102.1
"2017-08-17 20:00","Ashland Bottoms",22.4,77.7,0,174.5,1.1,26.9,27.1,3.7
"2017-08-17 21:00","Ashland Bottoms",19.9,89.8,0,181.8,0.4,26.4,26.3,0
"2017-08-17 22:00","Ashland Bottoms",19.8,82.8,0,122.3,0.3,26.0,25.6,0
"2017-08-17 23:00","Ashland Bottoms",18.8,83.4,0,229.2,0.3,25.5,25.0,0
"2017-08-18 00:00","Ashland Bottoms",18.6,85.0,0,267.1,0.4,25.1,24.5,0
"2017-08-18 01:00","Ashland Bottoms",19.8,78.1,0,203.5,1.2,24.7,24.1,0
"2017-08-18 02:00","Ashland Bottoms",20.2,78.5,0,231.8,1.1,24.4,23.8,0
"2017-08-18 03:00","Ashland Bottoms",21.7,72.7,0,191.1,2.9,24.1,23.6,0
"2017-08-18 04:00","Ashland Bottoms",21.2,76.2,0,170.6,1.2,23.9,23.4,0
"2017-08-18 05:00","Ashland Bottoms",19.3,88.4,0,46.2,0.9,23.8,23.2,0
"2017-08-18 06:00","Ashland Bottoms",20.0,84.3,0,261.6,1.8,23.6,23.1,2.4
"2017-08-18 07:00","Ashland Bottoms",19.6,88.8,0,154.4,0.9,23.5,23.0,62.8
"2017-08-18 08:00","Ashland Bottoms",20.5,87.2,0,165.8,1.3,23.4,23.0,131.9
"2017-08-18 09:00","Ashland Bottoms",22.9,77.6,0,162.3,2.4,23.4,23.2,468.4
"2017-08-18 10:00","Ashland Bottoms",25.6,64.1,0,197.7,2.8,23.6,24.1,687.3
"2017-08-18 11:00","Ashland Bottoms",27.1,56.6,0,207.5,2.6,24.1,25.2,839.2
"2017-08-18 12:00","Ashland Bottoms",28.8,49.3,0,237.6,3.2,24.9,26.5,928.5
"2017-08-18 13:00","Ashland Bottoms",29.8,46.5,0,244.8,3.2,25.7,27.8,958.4
"2017-08-18 14:00","Ashland Bottoms",30.2,45.1,0,255.0,3.1,26.6,29.0,923.9
"2017-08-18 15:00","Ashland Bottoms",30.8,44.7,0,266.1,3.2,27.4,29.9,820.5
"2017-08-18 16:00","Ashland Bottoms",31.1,45.8,0,289.6,2.0,27.9,30.2,655.5
"2017-08-18 17:00","Ashland Bottoms",31.2,46.6,0,335.2,1.4,28.2,30.2,486.2
"2017-08-18 18:00","Ashland Bottoms",31.2,47.4,0,12.6,0.8,28.3,29.9,276.5
"2017-08-18 19:00","Ashland Bottoms",29.9,57.9,0,325.3,0.7,28.2,29.3,92.3
"2017-08-18 20:00","Ashland Bottoms",26.2,72.2,0,188.5,0.7,27.9,28.6,3.7
"2017-08-18 21:00","Ashland Bottoms",23.3,85.7,0,177.2,0.8,27.5,27.8,0
"2017-08-18 22:00","Ashland Bottoms",22.2,91.0,0,158.2,0.3,27.1,27.1,0
"2017-08-18 23:00","Ashland Bottoms",20.9,94.2,0,170.4,0.5,26.7,26.5,0
"2017-08-19 00:00","Ashland Bottoms",20.4,94.7,0,182.9,0.6,26.2,25.9,0
"2017-08-19 01:00","Ashland Bottoms",19.7,96.6,0,195.0,0.6,25.9,25.5,0
"2017-08-19 02:00","Ashland Bottoms",19.3,97.2,0,200.6,0.7,25.5,25.0,0
"2017-08-19 03:00","Ashland Bottoms",18.5,98.3,0,321.6,0.7,25.1,24.6,0
"2017-08-19 04:00","Ashland Bottoms",18.1,99.8,0,181.4,0.8,24.8,24.2,0
"2017-08-19 05:00","Ashland Bottoms",17.6,99.8,0,163.9,0.3,24.5,23.9,0
"2017-08-19 06:00","Ashland Bottoms",17.0,99.9,0,174.2,0.4,24.2,23.5,3.8
"2017-08-19 07:00","Ashland Bottoms",17.6,97.6,0,6.5,0.1,24.0,23.2,115.4
"2017-08-19 08:00","Ashland Bottoms",21.3,91.1,0,155.1,0.4,23.8,23.3,303.1
"2017-08-19 09:00","Ashland Bottoms",23.6,81.3,0,26.8,1.3,23.8,23.9,495.3
"2017-08-19 10:00","Ashland Bottoms",26.5,70.3,0,52.7,1.6,24.2,25.0,665.5
"2017-08-19 11:00","Ashland Bottoms",28.7,60.8,0,51.4,2.2,24.9,26.3,825.9
"2017-08-19 12:00","Ashland Bottoms",30.4,56.6,0,45.6,2.3,25.8,27.7,915.3
"2017-08-19 13:00","Ashland Bottoms",31.7,51.2,0,88.4,2.3,26.7,29.1,944.7
"2017-08-19 14:00","Ashland Bottoms",32.5,48.7,0,100.5,2.4,27.6,30.2,908.0
"2017-08-19 15:00","Ashland Bottoms",32.9,49.7,0,110.6,2.8,28.4,31.0,822.9
"2017-08-19 16:00","Ashland Bottoms",33.2,49.8,0,114.3,2.9,28.9,31.3,674.2
"2017-08-19 17:00","Ashland Bottoms",33.1,51.3,0,113.1,3.0,29.1,31.1,480.0
"2017-08-19 18:00","Ashland Bottoms",32.5,55.3,0,131.6,2.0,29.1,30.6,273.4
"2017-08-19 19:00","Ashland Bottoms",30.8,66.0,0,129.2,1.6,28.9,30.0,83.8
"2017-08-19 20:00","Ashland Bottoms",28.3,73.7,0,135.1,1.7,28.6,29.3,2.4
"2017-08-19 21:00","Ashland Bottoms",27.7,76.7,0,128.2,2.6,28.2,28.6,0
"2017-08-19 22:00","Ashland Bottoms",27.2,79.7,0,134.1,2.2,27.9,28.1,0
"2017-08-19 23:00","Ashland Bottoms",27.1,79.1,0,146.1,3.4,27.5,27.7,0
"2017-08-20 00:00","Ashland Bottoms",26.9,80.5,0,153.4,3.4,27.3,27.4,0
"2017-08-20 01:00","Ashland Bottoms",27.0,81.2,0,157.5,3.5,27.0,27.1,0
"2017-08-20 02:00","Ashland Bottoms",26.4,84.7,0,162.3,1.9,26.8,26.9,0
"2017-08-20 03:00","Ashland Bottoms",26.3,83.7,0,162.5,2.4,26.7,26.8,0
"2017-08-20 04:00","Ashland Bottoms",23.7,75.3,0.25,20.3,3.7,26.5,26.6,0
"2017-08-20 05:00","Ashland Bottoms",20.2,89.9,0.25,71.9,1.6,26.3,26.1,0
"2017-08-20 06:00","Ashland Bottoms",20.0,90.7,0,96.7,1.2,25.9,25.6,1.1
"2017-08-20 07:00","Ashland Bottoms",20.4,86.1,0,55.9,1.4,25.6,25.2,41.8
"2017-08-20 08:00","Ashland Bottoms",22.7,78.0,0,102.4,1.9,25.4,25.1,284.2
"2017-08-20 09:00","Ashland Bottoms",25.4,70.9,0,82.1,3.3,25.3,25.4,489.7
"2017-08-20 10:00","Ashland Bottoms",27.5,65.7,0,99.5,3.7,25.5,26.1,681.2
"2017-08-20 11:00","Ashland Bottoms",29.2,61.4,0,123.8,3.6,26.0,27.0,814.1
"2017-08-20 12:00","Ashland Bottoms",30.8,59.1,0,135.6,3.6,26.6,28.2,919.3
"2017-08-20 13:00","Ashland Bottoms",32.0,56.4,0,152.2,3.3,27.3,29.4,687.5
"2017-08-20 14:00","Ashland Bottoms",33.5,51.6,0,141.2,2.6,27.9,30.0,832.6
"2017-08-20 15:00","Ashland Bottoms",34.2,49.3,0,120.4,2.9,28.5,30.8,784.5
"2017-08-20 16:00","Ashland Bottoms",34.4,48.3,0,107.6,3.6,29.1,31.3,632.9
"2017-08-20 17:00","Ashland Bottoms",33.8,53.5,0,106.4,3.8,29.4,31.2,447.7
"2017-08-20 18:00","Ashland Bottoms",32.8,56.9,0,114.5,3.3,29.4,30.8,207.8
"2017-08-20 19:00","Ashland Bottoms",31.1,61.6,0,126.3,2.6,29.2,30.2,54.9
"2017-08-20 20:00","Ashland Bottoms",29.6,67.7,0,131.6,2.0,28.9,29.5,2.1
"2017-08-20 21:00","Ashland Bottoms",28.5,72.9,0,150.3,1.8,28.5,29.0,0
"2017-08-20 22:00","Ashland Bottoms",28.3,73.5,0,139.7,2.0,28.2,28.5,0
"2017-08-20 23:00","Ashland Bottoms",28.2,71.4,0,147.3,2.9,27.9,28.1,0
"2017-08-21 00:00","Ashland Bottoms",27.5,71.3,0,158.1,2.9,27.6,27.8,0
"2017-08-21 01:00","Ashland Bottoms",26.4,75.6,0,163.2,2.2,27.4,27.5,0
"2017-08-21 02:00","Ashland Bottoms",26.0,77.2,0,163.6,2.7,27.1,27.1,0
"2017-08-21 03:00","Ashland Bottoms",25.9,78.8,0,169.6,2.5,26.9,26.9,0
"2017-08-21 04:00","Ashland Bottoms",25.4,82.4,0,171.5,2.1,26.7,26.6,0
"2017-08-21 05:00","Ashland Bottoms",24.5,86.6,0,163.2,1.7,26.5,26.4,0
"2017-08-21 06:00","Ashland Bottoms",24.1,89.3,0,155.9,1.2,26.3,26.2,2.9
"2017-08-21 07:00","Ashland Bottoms",24.7,85.1,0,161.8,1.6,26.2,26.1,41.3
"2017-08-21 08:00","Ashland Bottoms",25.4,74.4,0,169.3,2.1,26.0,26.1,150.4
"2017-08-21 09:00","Ashland Bottoms",25.2,71.3,0,165.9,2.1,26.0,26.1,156.0
"2017-08-21 10:00","Ashland Bottoms",25.2,72.2,0,152.8,1.9,26.0,26.2,214.1
"2017-08-21 11:00","Ashland Bottoms",27.2,66.9,0,156.8,2.6,26.1,26.5,492.2
"2017-08-21 12:00","Ashland Bottoms",26.7,68.1,0,162.5,2.1,26.3,27.1,156.1
"2017-08-21 13:00","Ashland Bottoms",25.3,77.2,0,65.2,0.8,26.5,26.9,92.8
"2017-08-21 14:00","Ashland Bottoms",27.4,72.6,0,46.8,1.1,26.4,27.0,594.4
"2017-08-21 15:00","Ashland Bottoms",31.3,61.6,0,163.1,2.5,26.8,28.1,619.3
"2017-08-21 16:00","Ashland Bottoms",32.5,56.0,0,176.0,3.0,27.4,29.0,542.2
"2017-08-21 17:00","Ashland Bottoms",31.8,57.5,0,179.7,2.5,27.9,29.3,251.1
"2017-08-21 18:00","Ashland Bottoms",28.6,69.8,2.79,174.4,2.3,28.0,29.1,67.5
"2017-08-21 19:00","Ashland Bottoms",24.0,90.0,0,97.3,1.0,27.8,28.4,41.6
"2017-08-21 20:00","Ashland Bottoms",24.1,91.6,0,156.8,0.8,27.5,27.8,0.5
"2017-08-21 21:00","Ashland Bottoms",24.1,87.9,0,98.7,0.9,27.2,27.3,0
"2017-08-21 22:00","Ashland Bottoms",23.4,94.9,0.25,2.9,1.0,26.9,27.0,0
"2017-08-21 23:00","Ashland Bottoms",23.0,96.4,0,82.0,0.9,26.7,26.7,0
"2017-08-22 00:00","Ashland Bottoms",22.8,96.6,1.52,30.2,1.3,26.5,26.4,0
"2017-08-22 01:00","Ashland Bottoms",22.6,98.5,4.83,48.7,1.1,26.3,26.1,0
"2017-08-22 02:00","Ashland Bottoms",22.7,97.3,0.76,3.8,2.5,26.1,25.9,0
"2017-08-22 03:00","Ashland Bottoms",20.7,93.9,0,54.7,3.6,25.9,25.7,0
"2017-08-22 04:00","Ashland Bottoms",19.5,94.6,0,60.0,2.6,25.6,25.2,0
"2017-08-22 05:00","Ashland Bottoms",19.3,94.8,0,18.8,2.9,25.3,24.9,0
"2017-08-22 06:00","Ashland Bottoms",19.3,93.7,0,12.1,2.7,25.1,24.6,0.1
"2017-08-22 07:00","Ashland Bottoms",19.6,93.5,0,4.6,2.3,24.9,24.4,40.8
"2017-08-22 08:00","Ashland Bottoms",20.5,88.7,0,2.9,2.7,24.7,24.4,198.4
"2017-08-22 09:00","Ashland Bottoms",21.5,83.7,0,1.2,2.7,24.7,24.6,363.8
"2017-08-22 10:00","Ashland Bottoms",23.2,74.0,0,0,3.2,24.8,25.2,611.2
"2017-08-22 11:00","Ashland Bottoms",24.2,67.3,0,3.5,3.8,25.2,26.1,812.0
"2017-08-22 12:00","Ashland Bottoms",25.4,59.6,0,354.7,3.8,25.8,27.2,925.3
"2017-08-22 13:00","Ashland Bottoms",26.2,52.5,0,347.4,4.0,26.5,28.2,967.1
"2017-08-22 14:00","Ashland Bottoms",27.2,38.2,0,349.1,4.7,27.1,28.9,947.5
"2017-08-22 15:00","Ashland Bottoms",27.2,35.6,0,324.9,4.1,27.6,29.2,854.8
"2017-08-22 16:00","Ashland Bottoms",27.1,35.0,0,330.6,3.8,27.8,29.1,709.8
"2017-08-22 17:00","Ashland Bottoms",26.5,33.6,0,353.4,3.6,27.8,28.7,512.0
"2017-08-22 18:00","Ashland Bottoms",25.6,36.7,0,349.1,3.2,27.5,28.0,293.9
"2017-08-22 19:00","Ashland Bottoms",23.3,46.8,0,339.9,2.1,27.1,27.2,91.0
"2017-08-22 20:00","Ashland Bottoms",20.1,60.8,0,329.0,0.9,26.6,26.3,1.4
"2017-08-22 21:00","Ashland Bottoms",18.3,67.6,0,179.7,0.5,26.1,25.5,0
"2017-08-22 22:00","Ashland Bottoms",16.8,76.8,0,193.0,0.8,25.5,24.7,0
"2017-08-22 23:00","Ashland Bottoms",14.9,88.0,0,177.0,0.7,25.0,24.0,0
"2017-08-23 00:00","Ashland Bottoms",13.8,91.4,0,176.6,0.7,24.5,23.5,0
"2017-08-23 01:00","Ashland Bottoms",13.1,95.0,0,167.8,0.3,24.0,22.9,0
"2017-08-23 02:00","Ashland Bottoms",12.5,97.1,0,184.7,0.6,23.6,22.4,0
"2017-08-23 03:00","Ashland Bottoms",11.8,98.9,0,160.9,0.4,23.2,21.9,0
"2017-08-23 04:00","Ashland Bottoms",11.5,99.4,0,165.7,0.3,22.8,21.5,0
"2017-08-23 05:00","Ashland Bottoms",11.3,98.9,0,205.7,0.5,22.4,21.1,0
"2017-08-23 06:00","Ashland Bottoms",11.7,98.7,0,199.6,0.3,22.1,20.8,4.7
"2017-08-23 07:00","Ashland Bottoms",12.2,96.0,0,140.4,0.1,21.8,20.5,120.8
"2017-08-23 08:00","Ashland Bottoms",15.5,87.0,0,79.5,0.3,21.6,20.6,303.8
"2017-08-23 09:00","Ashland Bottoms",18.9,75.1,0,104.8,0.3,21.7,21.1,505.9
"2017-08-23 10:00","Ashland Bottoms",21.9,56.2,0,88.2,1.2,22.0,22.2,693.0
"2017-08-23 11:00","Ashland Bottoms",23.3,45.2,0,88.2,1.2,22.7,23.5,815.2
"2017-08-23 12:00","Ashland Bottoms",24.3,43.0,0,59.4,1.3,23.5,24.9,925.8
"2017-08-23 13:00","Ashland Bottoms",25.1,40.8,0,28.7,1.6,24.4,26.3,960.6
"2017-08-23 14:00","Ashland Bottoms",25.9,38.4,0,48.6,2.6,25.3,27.5,933.9
"2017-08-23 15:00","Ashland Bottoms",26.4,38.1,0,63.0,2.3,26.1,28.2,835.7
"2017-08-23 16:00","Ashland Bottoms",26.8,38.0,0,54.9,2.5,26.6,28.5,682.2
"2017-08-23 17:00","Ashland Bottoms",26.6,41.6,0,53.9,2.3,26.8,28.4,485.5
"2017-08-23 18:00","Ashland Bottoms",25.4,48.9,0,54.6,2.3,26.8,27.8,268.5
"2017-08-23 19:00","Ashland Bottoms",23.3,58.8,0,79.8,1.1,26.5,27.0,77.6
"2017-08-23 20:00","Ashland Bottoms",20.6,70.6,0,108.8,0.5,26.1,26.2,1.8
"2017-08-23 21:00","Ashland Bottoms",18.2,81.1,0,166.2,0.6,25.6,25.3,0
"2017-08-23 22:00","Ashland Bottoms",17.8,78.0,0,188.3,0.6,25.1,24.6,0
"2017-08-23 23:00","Ashland Bottoms",17.3,78.5,0,170.0,0.8,24.6,24.1,0
"2017-08-24 00:00","Ashland Bottoms",15.8,87.1,0,170.3,0.8,24.2,23.5,0
"2017-08-24 01:00","Ashland Bottoms",15.6,88.7,0,169.9,0.5,23.8,23.1,0
"2017-08-24 02:00","Ashland Bottoms",14.8,93.1,0,304.7,0,23.5,22.7,0
"2017-08-24 03:00","Ashland Bottoms",14.4,94.8,0,233.3,0,23.2,22.3,0
"2017-08-24 04:00","Ashland Bottoms",14.5,92.2,0,150.1,0.4,22.8,21.9,0
"2017-08-24 05:00","Ashland Bottoms",13.7,94.7,0,187.4,0.5,22.5,21.6,0
"2017-08-24 06:00","Ashland Bottoms",13.8,92.6,0,172.9,0.8,22.2,21.2,3.0
"2017-08-24 07:00","Ashland Bottoms",15.0,88.0,0,145.0,0.1,22.0,21.0,105.8
"2017-08-24 08:00","Ashland Bottoms",18.7,75.0,0,119.7,0.4,21.8,21.1,292.3
"2017-08-24 09:00","Ashland Bottoms",20.9,66.0,0,143.5,1.9,21.9,21.6,466.0
"2017-08-24 10:00","Ashland Bottoms",22.7,57.9,0,134.8,2.2,22.2,22.4,589.9
"2017-08-24 11:00","Ashland Bottoms",23.8,54.6,0,146.2,2.4,22.6,23.3,667.5
"2017-08-24 12:00","Ashland Bottoms",M,M,M,M,M,M,M,M
"2017-08-24 13:00","Ashland Bottoms",26.0,45.4,0,115.8,2.7,23.9,25.3,823.5
"2017-08-24 14:00","Ashland Bottoms",M,M,M,M,M,M,M,M
"2017-08-24 15:00","Ashland Bottoms",26.1,48.0,0,123.1,2.6,25.0,26.4,463.7
"2017-08-24 16:00","Ashland Bottoms",26.4,54.4,0,116.6,2.5,25.2,26.3,444.3
"2017-08-24 17:00","Ashland Bottoms",26.4,54.8,0,118.5,2.7,25.3,26.3,364.9
"2017-08-24 18:00","Ashland Bottoms",25.5,56.6,0,125.0,2.4,25.3,26.1,199.9
"2017-08-24 19:00","Ashland Bottoms",23.4,66.7,0,101.0,1.6,25.2,25.6,38.4
"2017-08-24 20:00","Ashland Bottoms",21.6,73.9,0,91.4,1.0,24.9,25.1,0.7
"2017-08-24 21:00","Ashland Bottoms",20.9,74.4,0,90.3,1.7,24.6,24.6,0
"2017-08-24 22:00","Ashland Bottoms",20.3,75.4,0,92.3,2.1,24.3,24.1,0
"2017-08-24 23:00","Ashland Bottoms",19.8,79.5,0,85.1,1.0,24.0,23.7,0
"2017-08-25 00:00","Ashland Bottoms",19.6,80.7,0,96.4,1.2,23.7,23.4,0
"2017-08-25 01:00","Ashland Bottoms",20.1,77.6,0,118.8,2.3,23.5,23.1,0
"2017-08-25 02:00","Ashland Bottoms",20.1,77.2,0,131.2,2.0,23.3,22.9,0
"2017-08-25 03:00","Ashland Bottoms",20.3,74.6,0,144.9,2.2,23.1,22.7,0
"2017-08-25 04:00","Ashland Bottoms",19.8,76.2,0,138.9,1.0,22.9,22.5,0
"2017-08-25 05:00","Ashland Bottoms",19.3,79.0,0,156.6,1.2,22.8,22.3,0
"2017-08-25 06:00","Ashland Bottoms",18.8,83.3,0,129.3,0.7,22.6,22.2,2.3
"2017-08-25 07:00","Ashland Bottoms",18.9,84.7,0,90.3,0.8,22.5,22.0,65.9
"2017-08-25 08:00","Ashland Bottoms",19.8,82.8,0,69.8,0.9,22.4,22.1,154.7
"2017-08-25 09:00","Ashland Bottoms",22.1,73.0,0,116.0,1.7,22.4,22.4,269.5
"2017-08-25 10:00","Ashland Bottoms",24.1,66.5,0,134.5,2.6,22.7,22.9,505.7
"2017-08-25 11:00","Ashland Bottoms",25.4,60.5,0,133.4,3.6,23.1,24.0,828.2
"2017-08-25 12:00","Ashland Bottoms",26.4,57.0,0,133.1,3.6,23.8,25.3,901.3
"2017-08-25 13:00","Ashland Bottoms",27.1,54.9,0,135.6,3.7,24.6,26.6,957.8
"2017-08-25 14:00","Ashland Bottoms",27.4,53.1,0,121.0,3.5,25.4,27.7,927.0
"2017-08-25 15:00","Ashland Bottoms",27.0,53.9,0,114.0,3.4,26.1,28.3,712.5
"2017-08-25 16:00","Ashland Bottoms",27.4,52.0,0,112.1,3.6,26.5,28.4,657.9
"2017-08-25 17:00","Ashland Bottoms",27.3,49.7,0,120.1,3.1,26.7,28.2,455.8
"2017-08-25 18:00","Ashland Bottoms",26.3,45.3,0,114.8,2.6,26.6,27.7,217.6
"2017-08-25 19:00","Ashland Bottoms",24.7,53.0,0,110.4,2.0,26.3,26.9,71.5
"2017-08-25 20:00","Ashland Bottoms",21.9,67.5,0,128.5,1.1,25.9,26.1,1.1
"2017-08-25 21:00","Ashland Bottoms",20.9,72.4,0,136.2,1.5,25.5,25.4,0
"2017-08-25 22:00","Ashland Bottoms",19.4,79.8,0,113.0,0.8,25.0,24.8,0
"2017-08-25 23:00","Ashland Bottoms",18.2,85.0,0,306.5,0.3,24.7,24.3,0
"2017-08-26 00:00","Ashland Bottoms",17.7,87.6,0,214.4,0.3,24.3,23.8,0
"2017-08-26 01:00","Ashland Bottoms",17.8,88.5,0,174.6,0.6,23.9,23.4,0
"2017-08-26 02:00","Ashland Bottoms",16.9,91.2,0,247.7,0.3,23.6,23.0,0
"2017-08-26 03:00","Ashland Bottoms",16.2,94.3,0,258.4,0.2,23.3,22.7,0
"2017-08-26 04:00","Ashland Bottoms",16.6,94.7,0,165.0,0.3,23.0,22.4,0
"2017-08-26 05:00","Ashland Bottoms",16.6,94.7,0,214.9,0.1,22.8,22.2,0
"2017-08-26 06:00","Ashland Bottoms",17.3,94.3,0,338.1,0.4,22.6,22.1,0.3
"2017-08-26 07:00","Ashland Bottoms",18.3,93.6,0,3.2,0.3,22.5,22.1,61.4
"2017-08-26 08:00","Ashland Bottoms",20.2,85.1,0,53.3,0.5,22.5,22.3,219.4
"2017-08-26 09:00","Ashland Bottoms",22.7,76.4,0,130.3,1.1,22.7,22.8,284.0
"2017-08-26 10:00","Ashland Bottoms",24.6,68.4,0,163.4,2.5,23.0,23.5,588.4
"2017-08-26 11:00","Ashland Bottoms",26.1,63.9,0,159.3,3.0,23.5,24.4,679.5
"2017-08-26 12:00","Ashland Bottoms",27.7,60.9,0,162.9,2.7,24.1,25.6,848.1
"2017-08-26 13:00","Ashland Bottoms",28.6,57.6,0,167.1,2.8,24.9,26.9,753.9
"2017-08-26 14:00","Ashland Bottoms",29.3,55.6,0,152.3,2.6,25.6,27.7,667.4
"2017-08-26 15:00","Ashland Bottoms",29.8,54.3,0,152.8,2.2,26.2,28.2,605.7
"2017-08-26 16:00","Ashland Bottoms",30.1,54.8,0,142.9,2.4,26.6,28.4,609.8
"2017-08-26 17:00","Ashland Bottoms",29.6,57.3,0,133.2,2.5,26.9,28.5,404.1
"2017-08-26 18:00","Ashland Bottoms",29.1,59.5,0,129.0,2.2,26.9,28.2,234.5
"2017-08-26 19:00","Ashland Bottoms",27.3,65.5,0,126.9,1.6,26.8,27.6,45.2
"2017-08-26 20:00","Ashland Bottoms",25.4,72.0,0,138.6,1.7,26.5,27.0,0.5
"2017-08-26 21:00","Ashland Bottoms",24.6,72.7,0,150.2,2.1,26.2,26.4,0
"2017-08-26 22:00","Ashland Bottoms",23.9,73.0,0,165.3,1.7,25.8,25.9,0
"2017-08-26 23:00","Ashland Bottoms",23.6,73.8,0,166.1,2.2,25.5,25.5,0
"2017-08-27 00:00","Ashland Bottoms",23.1,76.4,0,165.1,2.5,25.2,25.2,0
"2017-08-27 01:00","Ashland Bottoms",22.7,80.5,0,163.1,2.4,25.0,24.9,0
"2017-08-27 02:00","Ashland Bottoms",22.6,81.4,0,172.7,2.3,24.8,24.7,0
"2017-08-27 03:00","Ashland Bottoms",21.6,85.5,0,190.4,1.3,24.6,24.5,0
"2017-08-27 04:00","Ashland Bottoms",20.9,88.5,0,201.4,1.1,24.4,24.2,0
"2017-08-27 05:00","Ashland Bottoms",20.8,88.3,0,192.6,1.4,24.2,23.9,0
"2017-08-27 06:00","Ashland Bottoms",20.5,89.1,0,181.0,1.3,24.0,23.7,0.8
"2017-08-27 07:00","Ashland Bottoms",20.9,86.5,0,211.1,2.5,23.8,23.6,8.0
"2017-08-27 08:00","Ashland Bottoms",20.1,89.2,8.89,243.8,2.8,23.7,23.4,2.1
"2017-08-27 09:00","Ashland Bottoms",18.8,96.7,2.54,124.6,1.4,23.5,23.1,18.4
"2017-08-27 10:00","Ashland Bottoms",19.5,95.6,0,278.4,1.8,23.3,22.9,225.4
"2017-08-27 11:00","Ashland Bottoms",21.4,87.1,0,218.3,1.6,23.3,23.4,640.5
"2017-08-27 12:00","Ashland Bottoms",23.6,75.6,0,19.9,1.4,23.8,24.8,825.7
"2017-08-27 13:00","Ashland Bottoms",24.3,71.5,0,0.5,1.5,24.6,26.2,798.4
"2017-08-27 14:00","Ashland Bottoms",25.6,65.1,0,2.7,1.1,25.5,27.4,901.2
"2017-08-27 15:00","Ashland Bottoms",26.6,61.9,0,0,1.3,26.3,28.5,808.0
"2017-08-27 16:00","Ashland Bottoms",27.8,56.3,0,349.7,1.3,26.9,29.0,667.0
"2017-08-27 17:00","Ashland Bottoms",26.8,63.6,0.76,260.6,1.6,27.3,29.0,278.1
"2017-08-27 18:00","Ashland Bottoms",24.1,81.9,0,260.5,1.0,27.3,28.3,178.1
"2017-08-27 19:00","Ashland Bottoms",23.8,86.0,0,194.2,0.7,27.0,27.6,60.4
"2017-08-27 20:00","Ashland Bottoms",21.6,91.7,0,195.8,0.4,26.6,26.9,1.0
"2017-08-27 21:00","Ashland Bottoms",20.5,96.4,0,171.6,0.6,26.2,26.2,0
"2017-08-27 22:00","Ashland Bottoms",19.7,98.8,0,196.4,0.5,25.8,25.5,0
"2017-08-27 23:00","Ashland Bottoms",19.5,99.7,0,207.5,0.3,25.4,25.0,0
"2017-08-28 00:00","Ashland Bottoms",18.9,99.8,0,164.3,0.6,25.0,24.5,0
"2017-08-28 01:00","Ashland Bottoms",18.5,99.7,0,173.4,0.7,24.7,24.1,0
"2017-08-28 02:00","Ashland Bottoms",17.6,99.8,0,174.5,0.4,24.3,23.7,0
"2017-08-28 03:00","Ashland Bottoms",17.0,99.7,0,159.1,0.7,24.0,23.3,0
"2017-08-28 04:00","Ashland Bottoms",16.8,99.8,0,193.8,0.6,23.7,22.8,0
"2017-08-28 05:00","Ashland Bottoms",16.7,99.0,0,199.3,0.2,23.3,22.5,0
"2017-08-28 06:00","Ashland Bottoms",16.1,99.3,0,196.3,0.2,23.1,22.2,2.5
"2017-08-28 07:00","Ashland Bottoms",17.0,97.3,0,228.4,0.5,22.8,21.9,118.8
"2017-08-28 08:00","Ashland Bottoms",19.2,89.8,0,313.1,0.9,22.6,22.0,317.1
"2017-08-28 09:00","Ashland Bottoms",21.2,77.8,0,338.2,2.2,22.6,22.5,511.3
"2017-08-28 10:00","Ashland Bottoms",23.1,62.8,0,0,2.8,23.0,23.4,698.7
"2017-08-28 11:00","Ashland Bottoms",24.1,55.0,0,350.7,3.5,23.6,24.6,846.4
"2017-08-28 12:00","Ashland Bottoms",24.6,53.7,0,350.9,3.5,24.3,25.8,905.6
"2017-08-28 13:00","Ashland Bottoms",25.2,50.8,0,342.9,3.0,25.0,26.8,943.6
"2017-08-28 14:00","Ashland Bottoms",25.8,47.3,0,349.6,2.8,25.7,27.6,879.3
"2017-08-28 15:00","Ashland Bottoms",26.2,45.3,0,345.4,3.0,26.3,28.2,859.7
"2017-08-28 16:00","Ashland Bottoms",26.6,44.7,0,4.1,2.7,26.7,28.4,742.4
"2017-08-28 17:00","Ashland Bottoms",26.5,45.1,0,5.9,2.5,26.9,28.3,499.6
"2017-08-28 18:00","Ashland Bottoms",25.8,48.6,0,1.5,2.3,26.9,27.7,262.6
"2017-08-28 19:00","Ashland Bottoms",23.7,59.8,0,15.1,1.1,26.6,27.0,67.4
"2017-08-28 20:00","Ashland Bottoms",20.5,73.6,0,220.9,0.3,26.1,26.1,0.8
"2017-08-28 21:00","Ashland Bottoms",18.8,79.8,0,191.8,0.9,25.6,25.3,0
"2017-08-28 22:00","Ashland Bottoms",16.6,92.3,0,170.3,0.8,25.1,24.5,0
"2017-08-28 23:00","Ashland Bottoms",15.9,95.7,0,144.0,0.4,24.6,23.9,0
"2017-08-29 00:00","Ashland Bottoms",14.9,98.1,0,162.2,0.6,24.1,23.3,0
"2017-08-29 01:00","Ashland Bottoms",14.5,98.5,0,156.0,0.4,23.7,22.8,0
"2017-08-29 02:00","Ashland Bottoms",13.7,99.5,0,162.6,0.6,23.3,22.3,0
"2017-08-29 03:00","Ashland Bottoms",13.6,99.8,0,190.3,0.5,22.9,21.9,0
"2017-08-29 04:00","Ashland Bottoms",13.1,99.7,0,174.5,0.3,22.5,21.5,0
"2017-08-29 05:00","Ashland Bottoms",12.5,99.8,0,132.6,0.3,22.2,21.1,0
"2017-08-29 06:00","Ashland Bottoms",12.1,99.9,0,169.3,0.3,21.9,20.8,1.6
"2017-08-29 07:00","Ashland Bottoms",12.7,99.4,0,136.4,0.1,21.6,20.5,96.8
"2017-08-29 08:00","Ashland Bottoms",16.3,89.2,0,94.0,0.4,21.4,20.5,290.0
"2017-08-29 09:00","Ashland Bottoms",18.9,81.9,0,14.5,0.6,21.5,21.1,490.9
"2017-08-29 10:00","Ashland Bottoms",21.1,73.9,0,45.5,0.8,21.8,22.1,682.7
"2017-08-29 11:00","Ashland Bottoms",22.6,65.5,0,31.8,1.3,22.5,23.5,854.0
"2017-08-29 12:00","Ashland Bottoms",23.8,58.5,0,31.6,2.0,23.4,25.0,985.7
"2017-08-29 13:00","Ashland Bottoms",24.4,55.5,0,25.7,1.4,24.3,26.4,887.4
"2017-08-29 14:00","Ashland Bottoms",25.1,53.1,0,57.4,1.8,25.2,27.3,933.0
"2017-08-29 15:00","Ashland Bottoms",25.8,49.1,0,10.9,1.7,25.9,28.1,806.7
"2017-08-29 16:00","Ashland Bottoms",26.1,47.5,0,36.3,2.1,26.5,28.4,612.3
"2017-08-29 17:00","Ashland Bottoms",26.0,48.1,0,50.5,2.0,26.6,28.2,441.7
"2017-08-29 18:00","Ashland Bottoms",25.2,55.4,0,63.1,1.7,26.6,27.6,237.5
"2017-08-29 19:00","Ashland Bottoms",23.2,64.1,0,71.5,1.1,26.3,26.8,64.7
"2017-08-29 20:00","Ashland Bottoms",20.7,73.4,0,109.9,0.5,25.8,26.0,0.4
"2017-08-29 21:00","Ashland Bottoms",18.5,82.5,0,149.9,0.3,25.3,25.1,0
"2017-08-29 22:00","Ashland Bottoms",17.4,85.4,0,175.2,0.5,24.8,24.4,0
"2017-08-29 23:00","Ashland Bottoms",16.8,87.5,0,180.1,0.7,24.4,23.8,0
"2017-08-30 00:00","Ashland Bottoms",15.4,93.3,0,182.1,0.7,23.9,23.2,0
"2017-08-30 01:00","Ashland Bottoms",14.3,97.1,0,195.5,0.3,23.5,22.7,0
"2017-08-30 02:00","Ashland Bottoms",13.7,99.0,0,167.8,0.6,23.1,22.2,0
"2017-08-30 03:00","Ashland Bottoms",12.9,99.5,0,185.7,0.2,22.7,21.8,0
"2017-08-30 04:00","Ashland Bottoms",12.4,99.8,0,171.7,0.3,22.4,21.4,0
"2017-08-30 05:00","Ashland Bottoms",12.0,99.9,0,158.3,0.5,22.0,21.0,0
"2017-08-30 06:00","Ashland Bottoms",11.8,99.9,0,180.8,0.2,21.7,20.7,1.2
"2017-08-30 07:00","Ashland Bottoms",12.3,99.8,0,166.1,0.1,21.5,20.4,63.2
"2017-08-30 08:00","Ashland Bottoms",15.2,96.5,0,102.3,0.3,21.3,20.5,242.0
"2017-08-30 09:00","Ashland Bottoms",18.9,84.2,0,37.5,0.4,21.3,21.0,428.9
"2017-08-30 10:00","Ashland Bottoms",21.5,74.1,0,25.3,0.9,21.7,21.9,664.4
"2017-08-30 11:00","Ashland Bottoms",23.9,63.3,0,33.2,1.5,22.3,23.4,795.9
"2017-08-30 12:00","Ashland Bottoms",24.8,55.2,0,27.9,2.2,23.2,24.9,894.7
"2017-08-30 13:00","Ashland Bottoms",25.9,49.2,0,35.8,2.6,24.2,26.3,964.0
"2017-08-30 14:00","Ashland Bottoms",26.4,49.5,0,42.4,2.7,25.1,27.5,854.3
"2017-08-30 15:00","Ashland Bottoms",27.0,48.2,0,52.0,2.5,25.9,28.2,796.3
"2017-08-30 16:00","Ashland Bottoms",27.2,47.5,0,63.1,2.1,26.4,28.5,678.6
"2017-08-30 17:00","Ashland Bottoms",27.2,47.2,0,40.5,2.3,26.7,28.4,455.5
"2017-08-30 18:00","Ashland Bottoms",26.4,53.0,0,57.0,1.6,26.6,27.8,227.4
"2017-08-30 19:00","Ashland Bottoms",24.7,59.3,0,69.2,0.7,26.4,27.1,51.5
"2017-08-30 20:00","Ashland Bottoms",21.8,71.5,0,181.9,0.8,26.0,26.3,0.3
"2017-08-30 21:00","Ashland Bottoms",19.9,77.8,0,150.2,0.8,25.5,25.4,0
"2017-08-30 22:00","Ashland Bottoms",18.5,83.2,0,188.4,0.5,25.0,24.7,0
"2017-08-30 23:00","Ashland Bottoms",16.6,91.4,0,181.8,0.4,24.6,24.1,0
"2017-08-31 00:00","Ashland Bottoms",16.1,94.7,0,166.0,0.4,24.2,23.6,0
"2017-08-31 01:00","Ashland Bottoms",15.5,96.4,0,172.0,0.5,23.8,23.1,0
"2017-08-31 02:00","Ashland Bottoms",14.9,98.2,0,172.9,0.5,23.4,22.7,0
"2017-08-31 03:00","Ashland Bottoms",14.5,99.4,0,171.7,0.4,23.1,22.3,0
"2017-08-31 04:00","Ashland Bottoms",14.0,99.7,0,165.0,0.4,22.8,22.0,0
"2017-08-31 05:00","Ashland Bottoms",13.5,99.8,0,171.5,0.3,22.5,21.6,0
"2017-08-31 06:00","Ashland Bottoms",13.0,99.8,0,193.5,0.1,22.2,21.3,1.3
"2017-08-31 07:00","Ashland Bottoms",13.5,99.8,0,157.4,0.3,21.9,21.1,78.1
"2017-08-31 08:00","Ashland Bottoms",17.1,92.1,0,92.1,0.4,21.8,21.1,262.7
"2017-08-31 09:00","Ashland Bottoms",20.3,82.1,0,45.7,0.6,21.8,21.6,466.6
"2017-08-31 10:00","Ashland Bottoms",23.2,69.2,0,24.9,1.2,22.1,22.6,658.6
"2017-08-31 11:00","Ashland Bottoms",24.9,57.6,0,35.2,1.9,22.8,24.0,812.7
"2017-08-31 12:00","Ashland Bottoms",25.7,53.0,0,38.7,2.6,23.7,25.4,851.5
"2017-08-31 13:00","Ashland Bottoms",26.1,53.3,0,24.3,2.6,24.6,26.6,887.9
"2017-08-31 14:00","Ashland Bottoms",27.0,49.9,0,35.9,2.7,25.4,27.6,890.6
"2017-08-31 15:00","Ashland Bottoms",27.5,47.7,0,54.0,3.0,26.1,28.4,790.0
"2017-08-31 16:00","Ashland Bottoms",27.6,47.6,0,48.9,2.7,26.6,28.6,626.5
"2017-08-31 17:00","Ashland Bottoms",27.2,49.2,0,53.3,2.3,26.8,28.5,415.4
"2017-08-31 18:00","Ashland Bottoms",26.2,54.5,0,60.9,1.9,26.8,27.9,214.3
"2017-08-31 19:00","Ashland Bottoms",24.2,64.0,0,74.2,0.8,26.5,27.2,44.6
"2017-08-31 20:00","Ashland Bottoms",21.2,74.9,0,135.9,0.5,26.1,26.4,0.1
"2017-08-31 21:00","Ashland Bottoms",19.3,82.3,0,160.7,0.6,25.6,25.5,0
"2017-08-31 22:00","Ashland Bottoms",18.5,84.4,0,175.7,0.5,25.1,24.8,0
"2017-08-31 23:00","Ashland Bottoms",17.8,87.8,0,134.7,0.6,24.7,24.2,0